[
  {"model": "catalog.category", "pk": 1, "fields": {"title": "Памятные монеты России"}},
  {"model": "catalog.category", "pk": 2, "fields": {"title": "Инвестиционные монеты"}},
  {"model": "catalog.category", "pk": 3, "fields": {"title": "Банкноты России"}},
  {"model": "catalog.category", "pk": 4, "fields": {"title": "Памятные монеты СССР"}},
  {"model": "catalog.country", "pk": 1, "fields": {"title": "Россия"}},
  {"model": "catalog.country", "pk": 2, "fields": {"title": "СССР"}},
  {"model": "catalog.country", "pk": 3, "fields": {"title": "США"}},
  {"model": "catalog.country", "pk": 4, "fields": {"title": "Казахстан"}},
  {"model": "catalog.country", "pk": 5, "fields": {"title": "Канада"}},
  {"model": "catalog.country", "pk": 6, "fields": {"title": "Австралия"}},
  {"model": "catalog.material", "pk": 1, "fields": {"title": "Золото"}},
  {"model": "catalog.material", "pk": 2, "fields": {"title": "Серебро"}},
  {"model": "catalog.material", "pk": 3, "fields": {"title": "Медь-никель"}},
  {"model": "catalog.material", "pk": 4, "fields": {"title": "Биметалл"}},
  {"model": "catalog.material", "pk": 5, "fields": {"title": "Латунь"}},
  {"model": "catalog.mint", "pk": 1, "fields": {"title": "Московский монетный двор", "country": 1}},
  {"model": "catalog.mint", "pk": 2, "fields": {"title": "Санкт-Петербургский монетный двор", "country": 1}},
  {"model": "catalog.mint", "pk": 3, "fields": {"title": "Монетный двор США, Филадельфия", "country": 3}},
  {"model": "catalog.mint", "pk": 4, "fields": {"title": "Казахстанский монетный двор", "country": 4}},
  {"model": "catalog.coin", "pk": 1, "fields": {"name": "50 рублей 'Москва-80'", "category": 1, "description": "Памятная монета, выпущенная к Олимпийским играм 1980 года в Москве. Чеканка Московского монетного двора.", "country": 2, "year": 1977, "image": "collectible_images/2596766_big.jpg", "author": 1, "created_at": "2023-01-15T10:00:00Z", "updated_at": "2025-12-19T19:04:09.156Z", "is_published": true, "is_on_main": true, "denomination": "50", "currency": "RUB", "material": 2, "weight": "8.750", "mint": 1, "diameter": null}},
  {"model": "catalog.coin", "pk": 2, "fields": {"name": "Чеховский рубль - Георгий Победоносец", "category": 2, "description": "Инвестиционная монета с изображением Георгия Победоносца 999 пробы. Выпущена в 2006 году Государственным банком России.", "country": 1, "year": 2023, "image": "collectible_images/pobedonoset-003.800.jpg", "author": 1, "created_at": "2023-02-20T14:30:00Z", "updated_at": "2025-12-19T19:02:52.411Z", "is_published": true, "is_on_main": true, "denomination": "50", "currency": "RUB", "material": 2, "weight": "7.890", "mint": 2, "diameter": null}},
  {"model": "catalog.coin", "pk": 3, "fields": {"name": "1 рубль '60 лет Победы'", "category": 1, "description": "Памятная монета России, выпущенная к 60-летию Победы в Великой Отечественной войне.", "country": 1, "year": 2005, "image": "collectible_images/images_4.jpg", "author": 1, "created_at": "2023-03-10T09:15:00Z", "updated_at": "2025-12-19T19:02:18.959Z", "is_published": true, "is_on_main": false, "denomination": "1", "currency": "RUB", "material": 3, "weight": "3.250", "mint": 1, "diameter": null}},
  {"model": "catalog.coin", "pk": 4, "fields": {"name": "American Eagle - Серебро", "category": 2, "description": "Американская инвестиционная монета с изображением орла 999 пробы. Выпущена в 1986 году.", "country": 3, "year": 2022, "image": "collectible_images/images_3.jpg", "author": 1, "created_at": "2023-04-05T16:45:00Z", "updated_at": "2025-12-19T19:01:45.925Z", "is_published": true, "is_on_main": true, "denomination": "1", "currency": "USD", "material": 1, "weight": "31.100", "mint": 3, "diameter": null}},
  {"model": "catalog.coin", "pk": 5, "fields": {"name": "10 рублей 'Первая русская революция 1905-1907 гг'", "category": 1, "description": "Памятная монета серии 'Первая русская революция 1905-1907 гг'.", "country": 1, "year": 2009, "image": "collectible_images/bez-nazvaniya-14.jpg", "author": 1, "created_at": "2023-05-12T11:20:00Z", "updated_at": "2025-12-19T19:00:49.165Z", "is_published": true, "is_on_main": false, "denomination": "10", "currency": "RUB", "material": 5, "weight": "8.400", "mint": 2, "diameter": null}},
  {"model": "catalog.coin", "pk": 6, "fields": {"name": "Императорская монета I", "category": 2, "description": "Уникальная монета из императорской коллекции времен Петра I", "country": 1, "year": 1700, "image": "collectible_images/h<%i%Z<%_h%Y%4%f%Z%_%_9_%.jpg", "author": 1, "created_at": "2025-11-07T20:02:36.737Z", "updated_at": "2025-12-19T18:59:56.476Z", "is_published": true, "is_on_main": false, "denomination": "15", "currency": null, "material": 1, "weight": "40.000", "mint": null, "diameter": null}},
  {"model": "catalog.banknote", "pk": 1, "fields": {"name": "100 рублей 'Сочи-2014'", "category": 3, "description": "Памятная банкнота, выпущенная к Олимпийским играм 2014 года в Сочи. Чеканка Московского монетного двора.", "country": 1, "year": 2013, "image": "collectible_images/100_рублей_Сочи_Банкнота.jpg", "author": 1, "created_at": "2023-01-18T13:10:00Z", "updated_at": "2025-12-19T18:55:42.431Z", "is_published": true, "is_on_main": true, "denomination": "100", "currency": "RUB", "serial_number": null, "width": null, "height": null}},
  {"model": "catalog.banknote", "pk": 2, "fields": {"name": "200 рублей 'Севастополь'", "category": 3, "description": "Памятная банкнота, посвященная воссоединению Крыма с Россией. Выпущена в 2017 году.", "country": 1, "year": 2017, "image": "collectible_images/200-rub-rus-1240x840-product_popup.jpg", "author": 1, "created_at": "2023-02-22T15:25:00Z", "updated_at": "2025-12-19T18:53:41.886Z", "is_published": true, "is_on_main": true, "denomination": "200", "currency": "RUB", "serial_number": null, "width": null, "height": null}},
  {"model": "catalog.banknote", "pk": 3, "fields": {"name": "1000 рублей 'Президентская'", "category": 3, "description": "Обновленная банкнота с портретом президента и символами государственности. Выпущена в 2023 году.", "country": 1, "year": 2023, "image": "collectible_images/d31f832c617c5239a24977526cfdb8ce.jpg", "author": 1, "created_at": "2023-03-25T08:40:00Z", "updated_at": "2025-12-19T18:52:47.600Z", "is_published": true, "is_on_main": false, "denomination": "1000", "currency": "RUB", "serial_number": null, "width": null, "height": null}},
  {"model": "catalog.banknote", "pk": 4, "fields": {"name": "5 рублей СССР 1961 года", "category": 3, "description": "Классическая банкнота СССР с изображением Ленина и Спасской башни Кремля.", "country": 2, "year": 1961, "image": "collectible_images/5руб_Монета_2.jpg", "author": 1, "created_at": "2023-04-08T12:55:00Z", "updated_at": "2025-12-19T18:51:49.455Z", "is_published": true, "is_on_main": false, "denomination": "5", "currency": "RUB", "serial_number": null, "width": null, "height": null}},
  {"model": "catalog.banknote", "pk": 5, "fields": {"name": "2 доллара США 1976 года", "category": 3, "description": "Купюра США с изображением Томаса Джефферсона и сцены подписания Декларации независимости. Выпущена к двухсотлетию США.", "country": 3, "year": 1976, "image": "collectible_images/a8835005-ee8b-4b2e-b166-dfaf1ef26f88.1024x768w.jpeg", "author": 1, "created_at": "2023-05-30T17:05:00Z", "updated_at": "2025-12-19T18:50:49.006Z", "is_published": true, "is_on_main": true, "denomination": "2", "currency": "USD", "serial_number": null, "width": null, "height": null}},
  {"model": "catalog.banknote", "pk": 6, "fields": {"name": "7 долларов Австралийская купюра", "category": 3, "description": "...", "country": 6, "year": 2005, "image": "collectible_images/5руб_Монета_1.jpg", "author": 1, "created_at": "2025-11-07T19:52:38.827Z", "updated_at": "2025-12-19T18:58:03.820Z", "is_published": true, "is_on_main": false, "denomination": "7", "currency": "AUD", "serial_number": null, "width": null, "height": null}},
  {"model": "catalog.news", "pk": 1, "fields": {"title": "Новые поступления монет на Монетный двор будут представлены на выставке памятных монет", "content": "На выставке памятных монет будут представлены новинки 2023 года, 25 рублей 'Первая русская революция' и другие. Выставка пройдет в Москве с 25 по 30 декабря. Вход свободный. Билеты: 50 000 рублей. Адрес: Ленинский проспект, 15", "author": 1, "created_at": "2025-12-19T11:33:34.582Z", "updated_at": "2025-12-19T11:33:34.582Z", "is_published": true, "image": "news_images/5руб_Монета_eh1p-xk.png"}},
  {"model": "admin.logentry", "pk": 1, "fields": {"action_time": "2025-11-07T19:45:21.718Z", "user": 1, "content_type": 11, "object_id": "6", "object_repr": "Австралия", "action_flag": 1, "change_message": "[{\"added\": {}}]"}},
  {"model": "admin.logentry", "pk": 2, "fields": {"action_time": "2025-11-07T19:52:38.830Z", "user": 1, "content_type": 12, "object_id": "6", "object_repr": "7 долларов Австралийская купюра", "action_flag": 1, "change_message": "[{\"added\": {}}]"}},
  {"model": "admin.logentry", "pk": 3, "fields": {"action_time": "2025-11-07T20:02:36.740Z", "user": 1, "content_type": 10, "object_id": "6", "object_repr": "Императорская монета I", "action_flag": 1, "change_message": "[{\"added\": {}}]"}},
  {"model": "admin.logentry", "pk": 4, "fields": {"action_time": "2025-12-19T18:49:51.061Z", "user": 1, "content_type": 12, "object_id": "6", "object_repr": "7 долларов Австралийская купюра", "action_flag": 2, "change_message": "[{\"changed\": {\"fields\": [\"\\u0410\\u0432\\u0442\\u043e\\u0440 \\u0438 \\u043d\\u0430\\u0437\\u0432\\u0430\\u043d\\u0438\\u0435\"]}}]"}},
  {"model": "admin.logentry", "pk": 5, "fields": {"action_time": "2025-12-19T18:50:49.009Z", "user": 1, "content_type": 12, "object_id": "5", "object_repr": "2 доллара США 1976 года", "action_flag": 2, "change_message": "[{\"changed\": {\"fields\": [\"\\u0410\\u0432\\u0442\\u043e\\u0440\", \"\\u0410\\u0432\\u0442\\u043e\\u0440 \\u0438 \\u043d\\u0430\\u0437\\u0432\\u0430\\u043d\\u0438\\u0435\"]}}]"}},
  {"model": "admin.logentry", "pk": 6, "fields": {"action_time": "2025-12-19T18:51:49.458Z", "user": 1, "content_type": 12, "object_id": "4", "object_repr": "5 рублей СССР 1961 года", "action_flag": 2, "change_message": "[{\"changed\": {\"fields\": [\"\\u0410\\u0432\\u0442\\u043e\\u0440\", \"\\u0410\\u0432\\u0442\\u043e\\u0440 \\u0438 \\u043d\\u0430\\u0437\\u0432\\u0430\\u043d\\u0438\\u0435\"]}}]"}},
  {"model": "admin.logentry", "pk": 7, "fields": {"action_time": "2025-12-19T18:52:47.602Z", "user": 1, "content_type": 12, "object_id": "3", "object_repr": "1000 рублей 'Президентская'", "action_flag": 2, "change_message": "[{\"changed\": {\"fields\": [\"\\u0410\\u0432\\u0442\\u043e\\u0440\", \"\\u0410\\u0432\\u0442\\u043e\\u0440 \\u0438 \\u043d\\u0430\\u0437\\u0432\\u0430\\u043d\\u0438\\u0435\"]}}]"}},
  {"model": "admin.logentry", "pk": 8, "fields": {"action_time": "2025-12-19T18:53:05.182Z", "user": 1, "content_type": 12, "object_id": "6", "object_repr": "7 долларов Австралийская купюра", "action_flag": 2, "change_message": "[{\"changed\": {\"fields\": [\"\\u0434\\u0435\\u043d\\u043e\\u043c\\u0438\\u043d\\u0430\\u0446\\u0438\\u044f\"]}}]"}},
  {"model": "admin.logentry", "pk": 9, "fields": {"action_time": "2025-12-19T18:53:41.888Z", "user": 1, "content_type": 12, "object_id": "2", "object_repr": "200 рублей 'Севастополь'", "action_flag": 2, "change_message": "[{\"changed\": {\"fields\": [\"\\u0410\\u0432\\u0442\\u043e\\u0440\", \"\\u0410\\u0432\\u0442\\u043e\\u0440 \\u0438 \\u043d\\u0430\\u0437\\u0432\\u0430\\u043d\\u0438\\u0435\"]}}]"}},
  {"model": "admin.logentry", "pk": 10, "fields": {"action_time": "2025-12-19T18:55:42.433Z", "user": 1, "content_type": 12, "object_id": "1", "object_repr": "100 рублей 'Сочи-2014'", "action_flag": 2, "change_message": "[{\"changed\": {\"fields\": [\"\\u0410\\u0432\\u0442\\u043e\\u0440\", \"\\u0410\\u0432\\u0442\\u043e\\u0440 \\u0438 \\u043d\\u0430\\u0437\\u0432\\u0430\\u043d\\u0438\\u0435\"]}}]"}},
  {"model": "admin.logentry", "pk": 11, "fields": {"action_time": "2025-12-19T18:56:50.676Z", "user": 1, "content_type": 12, "object_id": "6", "object_repr": "7 долларов Австралийская купюра", "action_flag": 2, "change_message": "[{\"changed\": {\"fields\": [\"\\u0410\\u0432\\u0442\\u043e\\u0440\"]}}]"}},
  {"model": "admin.logentry", "pk": 12, "fields": {"action_time": "2025-12-19T18:56:56.629Z", "user": 1, "content_type": 12, "object_id": "6", "object_repr": "7 долларов Австралийская купюра", "action_flag": 2, "change_message": "[{\"changed\": {\"fields\": [\"\\u043e\\u043f\\u0438\\u0441\\u0430\\u043d\\u0438\\u0435\"]}}]"}},
  {"model": "admin.logentry", "pk": 13, "fields": {"action_time": "2025-12-19T18:58:58.553Z", "user": 1, "content_type": 10, "object_id": "6", "object_repr": "Императорская монета I", "action_flag": 2, "change_message": "[{\"changed\": {\"fields\": [\"\\u043e\\u043f\\u0438\\u0441\\u0430\\u043d\\u0438\\u0435\"]}}]"}},
  {"model": "admin.logentry", "pk": 14, "fields": {"action_time": "2025-12-19T18:59:56.478Z", "user": 1, "content_type": 10, "object_id": "6", "object_repr": "Императорская монета I", "action_flag": 2, "change_message": "[{\"changed\": {\"fields\": [\"\\u0434\\u0435\\u043d\\u043e\\u043c\\u0438\\u043d\\u0430\\u0446\\u0438\\u044f\", \"\\u0410\\u0432\\u0442\\u043e\\u0440\", \"\\u0410\\u0432\\u0442\\u043e\\u0440 \\u0438 \\u043d\\u0430\\u0437\\u0432\\u0430\\u043d\\u0438\\u0435\"]}}]"}},
  {"model": "admin.logentry", "pk": 15, "fields": {"action_time": "2025-12-19T19:00:49.167Z", "user": 1, "content_type": 10, "object_id": "5", "object_repr": "10 рублей 'Первая русская революция 1905-1907 гг'", "action_flag": 2, "change_message": "[{\"changed\": {\"fields\": [\"\\u0410\\u0432\\u0442\\u043e\\u0440\", \"\\u0410\\u0432\\u0442\\u043e\\u0440 \\u0438 \\u043d\\u0430\\u0437\\u0432\\u0430\\u043d\\u0438\\u0435\"]}}]"}},
  {"model": "admin.logentry", "pk": 16, "fields": {"action_time": "2025-12-19T19:01:45.927Z", "user": 1, "content_type": 10, "object_id": "4", "object_repr": "American Eagle - Серебро", "action_flag": 2, "change_message": "[{\"changed\": {\"fields\": [\"\\u0410\\u0432\\u0442\\u043e\\u0440\", \"\\u0410\\u0432\\u0442\\u043e\\u0440 \\u0438 \\u043d\\u0430\\u0437\\u0432\\u0430\\u043d\\u0438\\u0435\"]}}]"}},
  {"model": "admin.logentry", "pk": 17, "fields": {"action_time": "2025-12-19T19:02:18.961Z", "user": 1, "content_type": 10, "object_id": "3", "object_repr": "1 рубль '60 лет Победы'", "action_flag": 2, "change_message": "[{\"changed\": {\"fields\": [\"\\u0410\\u0432\\u0442\\u043e\\u0440\", \"\\u0410\\u0432\\u0442\\u043e\\u0440 \\u0438 \\u043d\\u0430\\u0437\\u0432\\u0430\\u043d\\u0438\\u0435\"]}}]"}},
  {"model": "admin.logentry", "pk": 18, "fields": {"action_time": "2025-12-19T19:02:52.413Z", "user": 1, "content_type": 10, "object_id": "2", "object_repr": "Чеховский рубль - Георгий Победоносец", "action_flag": 2, "change_message": "[{\"changed\": {\"fields\": [\"\\u0410\\u0432\\u0442\\u043e\\u0440\", \"\\u0410\\u0432\\u0442\\u043e\\u0440 \\u0438 \\u043d\\u0430\\u0437\\u0432\\u0430\\u043d\\u0438\\u0435\"]}}]"}},
  {"model": "admin.logentry", "pk": 19, "fields": {"action_time": "2025-12-19T19:03:57.769Z", "user": 1, "content_type": 10, "object_id": "1", "object_repr": "50 рублей 'Москва-80'", "action_flag": 2, "change_message": "[{\"changed\": {\"fields\": [\"\\u0410\\u0432\\u0442\\u043e\\u0440 \\u0438 \\u043d\\u0430\\u0437\\u0432\\u0430\\u043d\\u0438\\u0435\"]}}]"}},
  {"model": "admin.logentry", "pk": 20, "fields": {"action_time": "2025-12-19T19:04:09.158Z", "user": 1, "content_type": 10, "object_id": "1", "object_repr": "50 рублей 'Москва-80'", "action_flag": 2, "change_message": "[{\"changed\": {\"fields\": [\"\\u0410\\u0432\\u0442\\u043e\\u0440\"]}}]"}},
  {"model": "admin.logentry", "pk": 21, "fields": {"action_time": "2025-12-19T19:44:18.438Z", "user": 1, "content_type": 3, "object_id": "1", "object_repr": "Петр", "action_flag": 1, "change_message": "[{\"added\": {}}]"}},
  {"model": "admin.logentry", "pk": 22, "fields": {"action_time": "2025-12-19T19:44:49.211Z", "user": 1, "content_type": 3, "object_id": "1", "object_repr": "Петр", "action_flag": 3, "change_message": ""}},
  {"model": "auth.permission", "pk": 1, "fields": {"name": "Can add log entry", "content_type": 1, "codename": "add_logentry"}},
  {"model": "auth.permission", "pk": 2, "fields": {"name": "Can change log entry", "content_type": 1, "codename": "change_logentry"}},
  {"model": "auth.permission", "pk": 3, "fields": {"name": "Can delete log entry", "content_type": 1, "codename": "delete_logentry"}},
  {"model": "auth.permission", "pk": 4, "fields": {"name": "Can view log entry", "content_type": 1, "codename": "view_logentry"}},
  {"model": "auth.permission", "pk": 5, "fields": {"name": "Can add permission", "content_type": 2, "codename": "add_permission"}},
  {"model": "auth.permission", "pk": 6, "fields": {"name": "Can change permission", "content_type": 2, "codename": "change_permission"}},
  {"model": "auth.permission", "pk": 7, "fields": {"name": "Can delete permission", "content_type": 2, "codename": "delete_permission"}},
  {"model": "auth.permission", "pk": 8, "fields": {"name": "Can view permission", "content_type": 2, "codename": "view_permission"}},
  {"model": "auth.permission", "pk": 9, "fields": {"name": "Can add group", "content_type": 3, "codename": "add_group"}},
  {"model": "auth.permission", "pk": 10, "fields": {"name": "Can change group", "content_type": 3, "codename": "change_group"}},
  {"model": "auth.permission", "pk": 11, "fields": {"name": "Can delete group", "content_type": 3, "codename": "delete_group"}},
  {"model": "auth.permission", "pk": 12, "fields": {"name": "Can view group", "content_type": 3, "codename": "view_group"}},
  {"model": "auth.permission", "pk": 13, "fields": {"name": "Can add user", "content_type": 4, "codename": "add_user"}},
  {"model": "auth.permission", "pk": 14, "fields": {"name": "Can change user", "content_type": 4, "codename": "change_user"}},
  {"model": "auth.permission", "pk": 15, "fields": {"name": "Can delete user", "content_type": 4, "codename": "delete_user"}},
  {"model": "auth.permission", "pk": 16, "fields": {"name": "Can view user", "content_type": 4, "codename": "view_user"}},
  {"model": "auth.permission", "pk": 17, "fields": {"name": "Can add content type", "content_type": 5, "codename": "add_contenttype"}},
  {"model": "auth.permission", "pk": 18, "fields": {"name": "Can change content type", "content_type": 5, "codename": "change_contenttype"}},
  {"model": "auth.permission", "pk": 19, "fields": {"name": "Can delete content type", "content_type": 5, "codename": "delete_contenttype"}},
  {"model": "auth.permission", "pk": 20, "fields": {"name": "Can view content type", "content_type": 5, "codename": "view_contenttype"}},
  {"model": "auth.permission", "pk": 21, "fields": {"name": "Can add session", "content_type": 6, "codename": "add_session"}},
  {"model": "auth.permission", "pk": 22, "fields": {"name": "Can change session", "content_type": 6, "codename": "change_session"}},
  {"model": "auth.permission", "pk": 23, "fields": {"name": "Can delete session", "content_type": 6, "codename": "delete_session"}},
  {"model": "auth.permission", "pk": 24, "fields": {"name": "Can view session", "content_type": 6, "codename": "view_session"}},
  {"model": "auth.permission", "pk": 25, "fields": {"name": "Can add category", "content_type": 7, "codename": "add_category"}},
  {"model": "auth.permission", "pk": 26, "fields": {"name": "Can change category", "content_type": 7, "codename": "change_category"}},
  {"model": "auth.permission", "pk": 27, "fields": {"name": "Can delete category", "content_type": 7, "codename": "delete_category"}},
  {"model": "auth.permission", "pk": 28, "fields": {"name": "Can view category", "content_type": 7, "codename": "view_category"}},
  {"model": "auth.permission", "pk": 29, "fields": {"name": "Can add mint", "content_type": 8, "codename": "add_mint"}},
  {"model": "auth.permission", "pk": 30, "fields": {"name": "Can change mint", "content_type": 8, "codename": "change_mint"}},
  {"model": "auth.permission", "pk": 31, "fields": {"name": "Can delete mint", "content_type": 8, "codename": "delete_mint"}},
  {"model": "auth.permission", "pk": 32, "fields": {"name": "Can view mint", "content_type": 8, "codename": "view_mint"}},
  {"model": "auth.permission", "pk": 33, "fields": {"name": "Can add material", "content_type": 9, "codename": "add_material"}},
  {"model": "auth.permission", "pk": 34, "fields": {"name": "Can change material", "content_type": 9, "codename": "change_material"}},
  {"model": "auth.permission", "pk": 35, "fields": {"name": "Can delete material", "content_type": 9, "codename": "delete_material"}},
  {"model": "auth.permission", "pk": 36, "fields": {"name": "Can view material", "content_type": 9, "codename": "view_material"}},
  {"model": "auth.permission", "pk": 37, "fields": {"name": "Can add coin", "content_type": 10, "codename": "add_coin"}},
  {"model": "auth.permission", "pk": 38, "fields": {"name": "Can change coin", "content_type": 10, "codename": "change_coin"}},
  {"model": "auth.permission", "pk": 39, "fields": {"name": "Can delete coin", "content_type": 10, "codename": "delete_coin"}},
  {"model": "auth.permission", "pk": 40, "fields": {"name": "Can view coin", "content_type": 10, "codename": "view_coin"}},
  {"model": "auth.permission", "pk": 41, "fields": {"name": "Can add country", "content_type": 11, "codename": "add_country"}},
  {"model": "auth.permission", "pk": 42, "fields": {"name": "Can change country", "content_type": 11, "codename": "change_country"}},
  {"model": "auth.permission", "pk": 43, "fields": {"name": "Can delete country", "content_type": 11, "codename": "delete_country"}},
  {"model": "auth.permission", "pk": 44, "fields": {"name": "Can view country", "content_type": 11, "codename": "view_country"}},
  {"model": "auth.permission", "pk": 45, "fields": {"name": "Can add banknote", "content_type": 12, "codename": "add_banknote"}},
  {"model": "auth.permission", "pk": 46, "fields": {"name": "Can change banknote", "content_type": 12, "codename": "change_banknote"}},
  {"model": "auth.permission", "pk": 47, "fields": {"name": "Can delete banknote", "content_type": 12, "codename": "delete_banknote"}},
  {"model": "auth.permission", "pk": 48, "fields": {"name": "Can view banknote", "content_type": 12, "codename": "view_banknote"}},
  {"model": "auth.permission", "pk": 49, "fields": {"name": "Can add user collection item", "content_type": 13, "codename": "add_usercollectionitem"}},
  {"model": "auth.permission", "pk": 50, "fields": {"name": "Can change user collection item", "content_type": 13, "codename": "change_usercollectionitem"}},
  {"model": "auth.permission", "pk": 51, "fields": {"name": "Can delete user collection item", "content_type": 13, "codename": "delete_usercollectionitem"}},
  {"model": "auth.permission", "pk": 52, "fields": {"name": "Can view user collection item", "content_type": 13, "codename": "view_usercollectionitem"}},
  {"model": "auth.permission", "pk": 53, "fields": {"name": "Can add news", "content_type": 14, "codename": "add_news"}},
  {"model": "auth.permission", "pk": 54, "fields": {"name": "Can change news", "content_type": 14, "codename": "change_news"}},
  {"model": "auth.permission", "pk": 55, "fields": {"name": "Can delete news", "content_type": 14, "codename": "delete_news"}},
  {"model": "auth.permission", "pk": 56, "fields": {"name": "Can view news", "content_type": 14, "codename": "view_news"}},
  {"model": "auth.user", "pk": 1, "fields": {"password": "pbkdf2_sha256$1000000$UY5bjZxrQQGIsKSYVApTfI$WDSDZnGlZc5zyQ001M8DwBX7tEfP1oyOXKrtADsa4k=", "last_login": "2025-12-19T19:28:23.881Z", "is_superuser": true, "username": "admin", "first_name": "", "last_name": "", "email": "paionn@mail.ru", "is_staff": true, "is_active": true, "date_joined": "2025-11-07T18:40:28.767Z", "groups": [], "user_permissions": []}},
  {"model": "auth.user", "pk": 2, "fields": {"password": "pbkdf2_sha256$1000000$rRwaPLTdPm5OKTLrslIaUm$B4CzLpIQrKdiWxEnaQvyTxGMtHIvs+HIJVqw3zwJB+w=", "last_login": "2025-12-19T10:58:22.356Z", "is_superuser": false, "username": "Semyon", "first_name": "", "last_name": "", "email": "", "is_staff": false, "is_active": true, "date_joined": "2025-12-05T19:06:14.110Z", "groups": [], "user_permissions": []}},
  {"model": "auth.user", "pk": 3, "fields": {"password": "pbkdf2_sha256$1000000$w0mXOD4Sf9dHu7rQBUeDcK$dQP5vfd2X1iReMwv/nc+b0ntH6HAvBjn4X6LNNlxTG4=", "last_login": "2025-12-19T11:29:31.047Z", "is_superuser": false, "username": "Lomkaponarkotikam", "first_name": "", "last_name": "", "email": "", "is_staff": false, "is_active": true, "date_joined": "2025-12-06T00:11:47.159Z", "groups": [], "user_permissions": []}},
  {"model": "auth.user", "pk": 4, "fields": {"password": "pbkdf2_sha256$1000000$S7I7OufLk5TpdarfVIYdNQ$MPnKF5KzYJ8odIaJHp1IIkHhhzXzsSozk1hr8spTS+M=", "last_login": "2025-12-19T19:27:59.616Z", "is_superuser": false, "username": "Иван", "first_name": "", "last_name": "", "email": "", "is_staff": false, "is_active": true, "date_joined": "2025-12-19T09:11:53.964Z", "groups": [], "user_permissions": []}},
  {"model": "contenttypes.contenttype", "pk": 1, "fields": {"app_label": "admin", "model": "logentry"}},
  {"model": "contenttypes.contenttype", "pk": 2, "fields": {"app_label": "auth", "model": "permission"}},
  {"model": "contenttypes.contenttype", "pk": 3, "fields": {"app_label": "auth", "model": "group"}},
  {"model": "contenttypes.contenttype", "pk": 4, "fields": {"app_label": "auth", "model": "user"}},
  {"model": "contenttypes.contenttype", "pk": 5, "fields": {"app_label": "contenttypes", "model": "contenttype"}},
  {"model": "contenttypes.contenttype", "pk": 6, "fields": {"app_label": "sessions", "model": "session"}},
  {"model": "contenttypes.contenttype", "pk": 7, "fields": {"app_label": "catalog", "model": "category"}},
  {"model": "contenttypes.contenttype", "pk": 8, "fields": {"app_label": "catalog", "model": "mint"}},
  {"model": "contenttypes.contenttype", "pk": 9, "fields": {"app_label": "catalog", "model": "material"}},
  {"model": "contenttypes.contenttype", "pk": 10, "fields": {"app_label": "catalog", "model": "coin"}},
  {"model": "contenttypes.contenttype", "pk": 11, "fields": {"app_label": "catalog", "model": "country"}},
  {"model": "contenttypes.contenttype", "pk": 12, "fields": {"app_label": "catalog", "model": "banknote"}},
  {"model": "contenttypes.contenttype", "pk": 13, "fields": {"app_label": "usercollections", "model": "usercollectionitem"}},
  {"model": "contenttypes.contenttype", "pk": 14, "fields": {"app_label": "catalog", "model": "news"}},
  {"model": "sessions.session", "pk": "6xjhaqy4eruc27r2v15wy6d76frte67v", "fields": {"session_data": ".eJxVjMsOwiAUQf-FtSE8igWX7vsN5D5AqgaS0q6M_65NutDtmZnzEhG2tcStpyXOLC5Ci9PvhkCPVHfAd6i3JqnVdZlR7oo8aJdT4_S8Hu7fQYevvWQysc0AYblLMIxhmv8EwmMY86Od0YMpAagyMBDlzIm89Bo9IQbw_7jk49w:1vWg9H:cQlsRE8AbSVXq1P7qJS7EUrQCWCtvBYlzziXT7Yjg", "expire_date": "2026-01-02T19:28:23.895Z"}},
  {"model": "sessions.session", "pk": "798rbobz3voe6p6nunc1m9fd20n72gxf", "fields": {"session_data": ".eJxVjDsOwjAQBe_ilnxL1lR0nMG663X4ABypDipIu4OkVJA-2bmSpiXUpcW57jKOsjDr9boz0zHUH8kC9TzpNdZlH1ruiD9r0dZL8uhzu30FK98aAcESvDGQIQDCJayd-iE2DpAvo-020YhIIk6x1xJz6Js5nh1fsD0Pw3vA:1vHROL:zYyiXW7n9MNtTdtv60VQmsDVZL_XZ0lve2KT3vD7xy0", "expire_date": "2025-11-21T18:40:57.747Z"}},
  {"model": "sessions.session", "pk": "jmf5sghz1mvs2nq4v6lzip9godknbqq", "fields": {"session_data": ".eJxVjDsOwjAQB_il-Z0Nzxkse3eNA8iR4qRC3B0ipYD2zcx7iZi2tcat8xInEehxel3ywkf3HZA99Rus8S5rcuU5aoI3Z5nYmf8PO6ip129dMHMuzo8A1gArDZQAfbK2qSGgZlt0M4CMqURXPIOhRlyVBmj-L9AfAFOG8:1vRaub:JUueKhec4Uyp4F78IJcPYUmVzI739dYMfAESg8GB94", "expire_date": "2025-12-19T18:52:13.989Z"}},
  {"model": "usercollections.usercollectionitem", "pk": 11, "fields": {"user": 3, "coin": 1, "banknote": null, "notes": "", "added_at": "2025-12-12T13:16:28.925Z"}},
  {"model": "usercollections.usercollectionitem", "pk": 12, "fields": {"user": 4, "coin": 1, "banknote": null, "notes": "", "added_at": "2025-12-19T10:11:57.351Z"}},
  {"model": "usercollections.usercollectionitem", "pk": 13, "fields": {"user": 4, "coin": 5, "banknote": null, "notes": "", "added_at": "2025-12-19T11:39:57.697Z"}},
  {"model": "usercollections.usercollectionitem", "pk": 14, "fields": {"user": 4, "coin": 2, "banknote": null, "notes": "", "added_at": "2025-12-19T11:40:06.746Z"}},
  {"model": "usercollections.usercollectionitem", "pk": 15, "fields": {"user": 4, "coin": 3, "banknote": null, "notes": "", "added_at": "2025-12-19T11:59:23.925Z"}},
  {"model": "usercollections.usercollectionitem", "pk": 16, "fields": {"user": 4, "coin": 4, "banknote": null, "notes": "", "added_at": "2025-12-19T11:59:27.214Z"}},
  {"model": "usercollections.usercollectionitem", "pk": 17, "fields": {"user": 4, "coin": null, "banknote": 4, "notes": "", "added_at": "2025-12-19T11:59:34.162Z"}},
  {"model": "usercollections.usercollectionitem", "pk": 18, "fields": {"user": 4, "coin": null, "banknote": 2, "notes": "", "added_at": "2025-12-19T11:59:44.999Z"}},
  {"model": "catalog.coin", "pk": 7, "fields": {"name": "3 рубля 'Юрий Гагарин - 50 лет полёта'", "category": 1, "description": "Памятная монета, выпущенная к 50-летию первого полёта человека в космос. Качество чеканки - пруф.", "country": 1, "year": 2011, "image": "collectible_images/gagarin_coin.jpg", "author": 1, "created_at": "2025-01-20T10:00:00Z", "updated_at": "2025-12-19T19:15:00Z", "is_published": true, "is_on_main": true, "denomination": "3", "currency": "RUB", "material": 2, "weight": "33.940", "mint": 1, "diameter": "39.000"}},
  {"model": "catalog.coin", "pk": 8, "fields": {"name": "10 рублей 'Красная книга - Амурский тигр'", "category": 1, "description": "Монета из серии 'Красная книга России', посвящённая амурскому тигру. Биметаллическая.", "country": 1, "year": 2009, "image": "collectible_images/tiger_coin.jpg", "author": 1, "created_at": "2025-01-21T11:00:00Z", "updated_at": "2025-12-19T19:16:00Z", "is_published": true, "is_on_main": false, "denomination": "10", "currency": "RUB", "material": 4, "weight": "8.400", "mint": 1, "diameter": "27.000"}},
  {"model": "catalog.coin", "pk": 9, "fields": {"name": "100 рублей 'Сочи 2014'", "category": 1, "description": "Памятная монета, выпущенная к Зимним Олимпийским играм 2014 в Сочи. Золото 999 пробы.", "country": 1, "year": 2013, "image": "collectible_images/sochi_coin.jpg", "author": 1, "created_at": "2025-01-22T12:00:00Z", "updated_at": "2025-12-19T19:17:00Z", "is_published": true, "is_on_main": true, "denomination": "100", "currency": "RUB", "material": 1, "weight": "15.550", "mint": 2, "diameter": "30.000"}},
  {"model": "catalog.coin", "pk": 10, "fields": {"name": "1 рубль '20 лет Победы' 1965", "category": 1, "description": "Юбилейная монета, выпущенная к 20-летию Победы в Великой Отечественной войне.", "country": 2, "year": 1965, "image": "collectible_images/victory20_coin.jpg", "author": 1, "created_at": "2025-01-23T13:00:00Z", "updated_at": "2025-12-19T19:18:00Z", "is_published": true, "is_on_main": false, "denomination": "1", "currency": "RUB", "material": 3, "weight": "12.800", "mint": 1, "diameter": "31.000"}},
  {"model": "catalog.coin", "pk": 11, "fields": {"name": "1 доллар Sacagawea 2000", "category": 1, "description": "Монета США с изображением Сакагавеи, женщины-проводника экспедиции Льюиса и Кларка.", "country": 3, "year": 2000, "image": "collectible_images/sacagawea_coin.jpg", "author": 1, "created_at": "2025-01-24T14:00:00Z", "updated_at": "2025-12-19T19:19:00Z", "is_published": true, "is_on_main": true, "denomination": "1", "currency": "USD", "material": 5, "weight": "8.100", "mint": 3, "diameter": "26.500"}},
  {"model": "catalog.coin", "pk": 12, "fields": {"name": "50 тенге 'Қазақстан Республикасы 20 жыл'", "category": 1, "description": "Юбилейная монета, выпущенная к 20-летию независимости Республики Казахстан.", "country": 4, "year": 2011, "image": "collectible_images/kazakhstan20_coin.jpg", "author": 1, "created_at": "2025-01-25T15:00:00Z", "updated_at": "2025-12-19T19:20:00Z", "is_published": true, "is_on_main": false, "denomination": "50", "currency": "KZT", "material": 2, "weight": "11.170", "mint": 4, "diameter": "31.000"}},
  {"model": "catalog.coin", "pk": 13, "fields": {"name": "5 долларов Maple Leaf 2023", "category": 2, "description": "Канадская инвестиционная монета с изображением кленового листа. Золото 999.9 пробы.", "country": 5, "year": 2023, "image": "collectible_images/mapleleaf_coin.jpg", "author": 1, "created_at": "2025-01-26T16:00:00Z", "updated_at": "2025-12-19T19:21:00Z", "is_published": true, "is_on_main": true, "denomination": "5", "currency": "CAD", "material": 1, "weight": "7.800", "mint": 3, "diameter": "20.000"}},
  {"model": "catalog.coin", "pk": 14, "fields": {"name": "1/2 доллара Franklin 1953", "category": 1, "description": "Монета США с изображением Бенджамина Франклина, выпускавшаяся с 1948 по 1963 год.", "country": 3, "year": 1953, "image": "collectible_images/franklin_coin.jpg", "author": 1, "created_at": "2025-01-27T17:00:00Z", "updated_at": "2025-12-19T19:22:00Z", "is_published": true, "is_on_main": false, "denomination": "0.5", "currency": "USD", "material": 2, "weight": "12.500", "mint": 3, "diameter": "30.600"}},
  {"model": "catalog.coin", "pk": 15, "fields": {"name": "25 рублей 'Крымская весна'", "category": 1, "description": "Памятная монета, посвящённая воссоединению Крыма с Россией.", "country": 1, "year": 2020, "image": "collectible_images/crimea_coin.jpg", "author": 1, "created_at": "2025-01-28T18:00:00Z", "updated_at": "2025-12-19T19:23:00Z", "is_published": true, "is_on_main": true, "denomination": "25", "currency": "RUB", "material": 2, "weight": "155.500", "mint": 1, "diameter": "60.000"}},
  {"model": "catalog.coin", "pk": 16, "fields": {"name": "500 тенге 'Чингисхан'", "category": 1, "description": "Монета из серии 'Великие полководцы' с изображением Чингисхана.", "country": 4, "year": 2008, "image": "collectible_images/genghis_coin.jpg", "author": 1, "created_at": "2025-01-29T19:00:00Z", "updated_at": "2025-12-19T19:24:00Z", "is_published": true, "is_on_main": false, "denomination": "500", "currency": "KZT", "material": 1, "weight": "7.780", "mint": 4, "diameter": "25.000"}},
  {"model": "catalog.coin", "pk": 17, "fields": {"name": "1 рубль '100 лет Октябрьской революции'", "category": 1, "description": "Юбилейная монета, выпущенная к 100-летию Октябрьской революции 1917 года.", "country": 1, "year": 2017, "image": "collectible_images/revolution_coin.jpg", "author": 1, "created_at": "2025-01-30T20:00:00Z", "updated_at": "2025-12-19T19:25:00Z", "is_published": true, "is_on_main": true, "denomination": "1", "currency": "RUB", "material": 5, "weight": "6.000", "mint": 2, "diameter": "25.000"}},
  {"model": "catalog.coin", "pk": 18, "fields": {"name": "1 доллар Morgan 1921", "category": 1, "description": "Классическая серебряная монета США с изображением Свободы. Последний год выпуска.", "country": 3, "year": 1921, "image": "collectible_images/morgan_coin.jpg", "author": 1, "created_at": "2025-02-01T10:00:00Z", "updated_at": "2025-12-19T19:26:00Z", "is_published": true, "is_on_main": false, "denomination": "1", "currency": "USD", "material": 2, "weight": "26.730", "mint": 3, "diameter": "38.100"}},
  {"model": "catalog.coin", "pk": 19, "fields": {"name": "50 рублей 'Баргузинский заповедник'", "category": 1, "description": "Монета из серии 'Особо охраняемые природные территории России'.", "country": 1, "year": 2021, "image": "collectible_images/reserve_coin.jpg", "author": 1, "created_at": "2025-02-02T11:00:00Z", "updated_at": "2025-12-19T19:27:00Z", "is_published": true, "is_on_main": true, "denomination": "50", "currency": "RUB", "material": 2, "weight": "169.000", "mint": 1, "diameter": "65.000"}},
  {"model": "catalog.coin", "pk": 20, "fields": {"name": "1 цент Australia 1966", "category": 1, "description": "Первые монеты Австралии в десятичной системе после перехода на доллар.", "country": 6, "year": 1966, "image": "collectible_images/auscent_coin.jpg", "author": 1, "created_at": "2025-02-03T12:00:00Z", "updated_at": "2025-12-19T19:28:00Z", "is_published": true, "is_on_main": false, "denomination": "0.01", "currency": "AUD", "material": 5, "weight": "2.600", "mint": 3, "diameter": "17.650"}},
  {"model": "catalog.coin", "pk": 21, "fields": {"name": "5 рублей '70 лет Победы'", "category": 1, "description": "Юбилейная монета, выпущенная к 70-летию Победы в Великой Отечественной войне.", "country": 1, "year": 2015, "image": "collectible_images/victory70_coin.jpg", "author": 1, "created_at": "2025-02-04T13:00:00Z", "updated_at": "2025-12-19T19:29:00Z", "is_published": true, "is_on_main": true, "denomination": "5", "currency": "RUB", "material": 5, "weight": "6.450", "mint": 1, "diameter": "25.000"}},
  {"model": "catalog.coin", "pk": 22, "fields": {"name": "1 доллар Canada Loonie 1987", "category": 1, "description": "Первая канадская монета 1 доллар с изображением гагары (loon).", "country": 5, "year": 1987, "image": "collectible_images/loonie_coin.jpg", "author": 1, "created_at": "2025-02-05T14:00:00Z", "updated_at": "2025-12-19T19:30:00Z", "is_published": true, "is_on_main": false, "denomination": "1", "currency": "CAD", "material": 5, "weight": "7.000", "mint": 3, "diameter": "26.500"}},
  {"model": "catalog.coin", "pk": 23, "fields": {"name": "10 копеек СССР 1967", "category": 1, "description": "Монета регулярного чекана СССР, выпущенная к 50-летию Октябрьской революции.", "country": 2, "year": 1967, "image": "collectible_images/10kop_coin.jpg", "author": 1, "created_at": "2025-02-06T15:00:00Z", "updated_at": "2025-12-19T19:31:00Z", "is_published": true, "is_on_main": true, "denomination": "0.10", "currency": "RUB", "material": 3, "weight": "1.600", "mint": 1, "diameter": "17.270"}},
  {"model": "catalog.coin", "pk": 24, "fields": {"name": "1 унция Australian Kangaroo 2022", "category": 2, "description": "Австралийская инвестиционная монета с изображением кенгуру. Золото 9999 пробы.", "country": 6, "year": 2022, "image": "collectible_images/kangaroo_coin.jpg", "author": 1, "created_at": "2025-02-07T16:00:00Z", "updated_at": "2025-12-19T19:32:00Z", "is_published": true, "is_on_main": false, "denomination": "100", "currency": "AUD", "material": 1, "weight": "31.100", "mint": 3, "diameter": "32.600"}},
  {"model": "catalog.coin", "pk": 25, "fields": {"name": "2 рубля 'Города-герои - Сталинград'", "category": 1, "description": "Монета из серии 'Города-герои', посвящённая Сталинградской битве.", "country": 1, "year": 2000, "image": "collectible_images/stalingrad_coin.jpg", "author": 1, "created_at": "2025-02-08T17:00:00Z", "updated_at": "2025-12-19T19:33:00Z", "is_published": true, "is_on_main": true, "denomination": "2", "currency": "RUB", "material": 3, "weight": "5.100", "mint": 1, "diameter": "23.000"}},
  {"model": "catalog.coin", "pk": 26, "fields": {"name": "1 рубль 'Спорт - Футбол'", "category": 1, "description": "Монета из серии 'XXII Олимпийские игры в Москве' с изображением футболиста.", "country": 2, "year": 1979, "image": "collectible_images/football_coin.jpg", "author": 1, "created_at": "2025-02-09T18:00:00Z", "updated_at": "2025-12-19T19:34:00Z", "is_published": true, "is_on_main": false, "denomination": "1", "currency": "RUB", "material": 3, "weight": "12.800", "mint": 1, "diameter": "31.000"}},
  {"model": "catalog.banknote", "pk": 7, "fields": {"name": "5000 рублей 'Памятник Муравьёву-Амурскому'", "category": 3, "description": "Банкнота Банка России с изображением памятника Н.Н. Муравьёву-Амурскому в Хабаровске.", "country": 1, "year": 2006, "image": "collectible_images/5000rub_banknote.jpg", "author": 1, "created_at": "2025-02-10T10:00:00Z", "updated_at": "2025-12-19T19:35:00Z", "is_published": true, "is_on_main": true, "denomination": "5000", "currency": "RUB", "serial_number": "АБ1234567", "width": 157, "height": 69}},
  {"model": "catalog.banknote", "pk": 8, "fields": {"name": "100 долларов США 2009 года", "category": 3, "description": "Купюра нового дизайна с портретом Бенджамина Франклина и изображением Индепенденс-холла.", "country": 3, "year": 2009, "image": "collectible_images/100usd_banknote.jpg", "author": 1, "created_at": "2025-02-11T11:00:00Z", "updated_at": "2025-12-19T19:36:00Z", "is_published": true, "is_on_main": false, "denomination": "100", "currency": "USD", "serial_number": "B12345678A", "width": 156, "height": 66}},
  {"model": "catalog.banknote", "pk": 9, "fields": {"name": "50 рублей СССР 1961 года", "category": 3, "description": "Банкнота образца 1961 года с изображением Ленина и Спасской башни Кремля.", "country": 2, "year": 1961, "image": "collectible_images/50rub_ussr_banknote.jpg", "author": 1, "created_at": "2025-02-12T12:00:00Z", "updated_at": "2025-12-19T19:37:00Z", "is_published": true, "is_on_main": true, "denomination": "50", "currency": "RUB", "serial_number": "АА1234567", "width": 140, "height": 71}},
  {"model": "catalog.banknote", "pk": 10, "fields": {"name": "5000 тенге 'Астана - Байтерек'", "category": 3, "description": "Банкнота Национального банка Казахстана с изображением монумента Байтерек в Астане.", "country": 4, "year": 2011, "image": "collectible_images/5000kzt_banknote.jpg", "author": 1, "created_at": "2025-02-13T13:00:00Z", "updated_at": "2025-12-19T19:38:00Z", "is_published": true, "is_on_main": false, "denomination": "5000", "currency": "KZT", "serial_number": "AB1234567", "width": 155, "height": 79}},
  {"model": "catalog.banknote", "pk": 11, "fields": {"name": "20 долларов Канада 2012", "category": 3, "description": "Полимерная банкнота Канады с портретом королевы Елизаветы II и изображением Вими Ридж.", "country": 5, "year": 2012, "image": "collectible_images/20cad_banknote.jpg", "author": 1, "created_at": "2025-02-14T14:00:00Z", "updated_at": "2025-12-19T19:39:00Z", "is_published": true, "is_on_main": true, "denomination": "20", "currency": "CAD", "serial_number": "BE1234567", "width": 152, "height": 70}},
  {"model": "catalog.banknote", "pk": 12, "fields": {"name": "10 долларов Австралия 2017", "category": 3, "description": "Полимерная банкнота с портретом поэта Эндрю Бартона 'Банджо' Патерсона и поэтессы Мэри Гилмор.", "country": 6, "year": 2017, "image": "collectible_images/10aud_banknote.jpg", "author": 1, "created_at": "2025-02-15T15:00:00Z", "updated_at": "2025-12-19T19:40:00Z", "is_published": true, "is_on_main": false, "denomination": "10", "currency": "AUD", "serial_number": "AA12345678", "width": 155, "height": 77}},
  {"model": "catalog.banknote", "pk": 13, "fields": {"name": "200 рублей 'Сочи 2014'", "category": 3, "description": "Коммеморативная банкнота, выпущенная к Зимним Олимпийским играм 2014 в Сочи.", "country": 1, "year": 2013, "image": "collectible_images/200rub_sochi_banknote.jpg", "author": 1, "created_at": "2025-02-16T16:00:00Z", "updated_at": "2025-12-19T19:41:00Z", "is_published": true, "is_on_main": true, "denomination": "200", "currency": "RUB", "serial_number": "СО1234567", "width": 157, "height": 69}},
  {"model": "catalog.banknote", "pk": 14, "fields": {"name": "5 рублей СССР 1961", "category": 3, "description": "Банкнота мелкого номинала с изображением Спасской башни Кремля.", "country": 2, "year": 1961, "image": "collectible_images/5rub_ussr_banknote.jpg", "author": 1, "created_at": "2025-02-17T17:00:00Z", "updated_at": "2025-12-19T19:42:00Z", "is_published": true, "is_on_main": false, "denomination": "5", "currency": "RUB", "serial_number": "АА123456", "width": 113, "height": 57}},
  {"model": "catalog.banknote", "pk": 15, "fields": {"name": "2 доллара США 1976", "category": 3, "description": "Банкнота, выпущенная к двухсотлетию независимости США с изображением подписания Декларации независимости.", "country": 3, "year": 1976, "image": "collectible_images/2usd_bicentennial_banknote.jpg", "author": 1, "created_at": "2025-02-18T18:00:00Z", "updated_at": "2025-12-19T19:43:00Z", "is_published": true, "is_on_main": true, "denomination": "2", "currency": "USD", "serial_number": "B12345678A", "width": 156, "height": 66}},
  {"model": "catalog.banknote", "pk": 16, "fields": {"name": "1000 тенге 'Аль-Фараби'", "category": 3, "description": "Банкнота с изображением великого учёного и философа Аль-Фараби.", "country": 4, "year": 1993, "image": "collectible_images/1000kzt_banknote.jpg", "author": 1, "created_at": "2025-02-19T19:00:00Z", "updated_at": "2025-12-19T19:44:00Z", "is_published": true, "is_on_main": false, "denomination": "1000", "currency": "KZT", "serial_number": "AA1234567", "width": 144, "height": 69}}
]